sender_id,recency,frequency,monetary,R_score,F_score,M_score,RFM_Total
S00001,45,5,9,2,3,3,233
S00002,18,4,9,3,2,3,323
S00003,127,2,3,1,1,1,111
S00004,29,2,3,3,1,1,311
S00005,4,4,7,5,2,3,523
S00006,15,11,15,3,4,4,344
S00007,3,26,50,5,5,5,555
S00008,45,5,8,2,3,3,233
S00009,78,4,8,1,2,3,123
S00010,109,1,1,1,1,1,111
S00011,27,7,11,3,4,4,344
S00012,8,17,25,4,5,5,455
S00013,17,5,6,3,3,2,332
S00014,15,10,16,3,4,4,344
S00015,35,11,19,2,4,4,244
S00016,32,3,6,2,2,2,222
S00017,1,3,7,5,2,3,523
S00018,0,25,42,5,5,5,555
S00019,28,15,20,3,4,4,344
S00020,117,2,2,1,1,1,111
S00021,5,4,8,4,2,3,423
S00022,28,15,28,3,5,5,355
S00023,2,26,43,5,5,5,555
S00024,21,1,2,3,1,1,311
S00025,126,2,2,1,1,1,111
S00026,26,13,20,3,4,4,344
S00027,129,2,2,1,1,1,111
S00028,38,7,10,2,4,3,243
S00029,66,2,3,1,1,1,111
S00030,0,20,33,5,5,5,555
S00031,12,6,7,4,3,3,433
S00032,124,1,1,1,1,1,111
S00033,103,1,2,1,1,1,111
S00034,60,3,5,2,2,2,222
S00035,16,4,8,3,2,3,323
S00036,11,4,5,4,2,2,422
S00037,1,23,31,5,5,5,555
S00038,52,4,5,2,2,2,222
S00039,45,5,7,2,3,3,233
S00040,2,22,34,5,5,5,555
S00041,18,7,12,3,4,4,344
S00042,82,6,11,1,3,4,134
S00043,22,8,13,3,4,4,344
S00044,1,9,13,5,4,4,544
S00045,46,5,9,2,3,3,233
S00046,58,1,2,2,1,1,211
S00047,92,2,3,1,1,1,111
S00048,7,29,47,4,5,5,455
S00049,28,8,14,3,4,4,344
S00050,169,1,1,1,1,1,111
S00051,6,14,25,4,4,5,445
S00052,61,2,2,2,1,1,211
S00053,38,4,6,2,2,2,222
S00054,24,12,22,3,4,4,344
S00055,4,9,17,5,4,4,544
S00056,146,1,1,1,1,1,111
S00057,5,32,50,4,5,5,455
S00058,154,1,2,1,1,1,111
S00059,74,3,5,1,2,2,122
S00060,0,9,14,5,4,4,544
S00061,1,4,6,5,2,2,522
S00062,3,2,3,5,1,1,511
S00063,15,5,11,3,3,4,334
S00064,12,16,27,4,5,5,455
S00065,2,16,25,5,5,5,555
S00066,107,2,4,1,1,2,112
S00067,0,32,58,5,5,5,555
S00068,2,36,59,5,5,5,555
S00069,21,6,9,3,3,3,333
S00070,70,2,2,1,1,1,111
S00071,141,1,1,1,1,1,111
S00072,7,5,6,4,3,2,432
S00073,10,16,25,4,5,5,455
S00074,46,6,11,2,3,4,234
S00075,8,14,25,4,4,5,445
S00076,12,20,28,4,5,5,455
S00077,150,1,3,1,1,1,111
S00078,64,1,1,1,1,1,111
S00079,15,5,8,3,3,3,333
S00080,5,37,60,4,5,5,455
S00081,65,2,3,1,1,1,111
S00082,11,4,4,4,2,2,422
S00083,23,11,16,3,4,4,344
S00084,31,1,1,2,1,1,211
S00085,21,3,5,3,2,2,322
S00086,8,39,65,4,5,5,455
S00087,13,6,10,4,3,3,433
S00088,1,25,41,5,5,5,555
S00089,5,22,38,4,5,5,455
S00090,18,19,28,3,5,5,355
S00091,79,4,8,1,2,3,123
S00092,46,3,3,2,2,1,221
S00093,24,2,4,3,1,2,312
S00094,16,5,8,3,3,3,333
S00095,8,19,28,4,5,5,455
S00096,1,10,16,5,4,4,544
S00097,2,9,14,5,4,4,544
S00098,4,3,4,5,2,2,522
S00099,129,2,3,1,1,1,111
S00100,4,9,15,5,4,4,544
S00101,43,1,1,2,1,1,211
S00102,6,5,7,4,3,3,433
S00103,21,10,13,3,4,4,344
S00104,37,5,10,2,3,3,233
S00105,2,13,18,5,4,4,544
S00106,2,24,41,5,5,5,555
S00107,16,3,5,3,2,2,322
S00108,8,16,26,4,5,5,455
S00109,83,2,4,1,1,2,112
S00110,103,3,5,1,2,2,122
S00111,46,4,8,2,2,3,223
S00112,5,35,62,4,5,5,455
S00113,8,23,36,4,5,5,455
S00114,67,1,2,1,1,1,111
S00115,1,3,5,5,2,2,522
S00116,18,9,14,3,4,4,344
S00117,31,3,5,2,2,2,222
S00118,47,3,5,2,2,2,222
S00119,132,1,1,1,1,1,111
S00120,11,23,39,4,5,5,455
S00121,4,32,49,5,5,5,555
S00122,125,3,4,1,2,2,122
S00123,68,2,3,1,1,1,111
S00124,22,6,10,3,3,3,333
S00125,1,33,55,5,5,5,555
S00126,44,21,35,2,5,5,255
S00127,143,2,2,1,1,1,111
S00128,71,4,8,1,2,3,123
S00129,24,24,38,3,5,5,355
S00130,7,22,36,4,5,5,455
S00131,10,8,11,4,4,4,444
S00132,52,1,1,2,1,1,211
S00133,46,4,7,2,2,3,223
S00134,8,20,31,4,5,5,455
S00135,40,2,5,2,1,2,212
S00136,3,28,49,5,5,5,555
S00137,13,9,12,4,4,4,444
S00138,2,4,6,5,2,2,522
S00139,0,19,30,5,5,5,555
S00140,11,4,7,4,2,3,423
S00141,74,7,12,1,4,4,144
S00142,8,3,5,4,2,2,422
S00143,65,3,6,1,2,2,122
S00144,34,5,8,2,3,3,233
S00145,2,15,24,5,5,4,554
S00146,36,2,2,2,1,1,211
S00147,56,3,3,2,2,1,221
S00148,9,5,7,4,3,3,433
S00149,51,2,3,2,1,1,211
S00150,16,5,8,3,3,3,333
S00151,4,38,63,5,5,5,555
S00152,135,2,2,1,1,1,111
S00153,11,7,9,4,4,3,443
S00154,4,32,58,5,5,5,555
S00155,92,2,4,1,1,2,112
S00156,95,3,5,1,2,2,122
S00157,79,3,7,1,2,3,123
S00158,13,6,8,4,3,3,433
S00159,1,3,4,5,2,2,522
S00160,23,9,16,3,4,4,344
S00161,43,1,2,2,1,1,211
S00162,3,40,69,5,5,5,555
S00163,78,7,12,1,4,4,144
S00164,44,1,2,2,1,1,211
S00165,70,4,5,1,2,2,122
S00166,9,10,16,4,4,4,444
S00167,59,4,6,2,2,2,222
S00168,60,5,7,2,3,3,233
S00169,22,22,41,3,5,5,355
S00170,19,23,39,3,5,5,355
S00171,90,5,9,1,3,3,133
S00172,49,5,8,2,3,3,233
S00173,20,9,16,3,4,4,344
S00174,2,5,9,5,3,3,533
S00175,5,12,21,4,4,4,444
S00176,6,38,61,4,5,5,455
S00177,29,3,7,3,2,3,323
S00178,1,15,23,5,5,4,554
S00179,176,1,1,1,1,1,111
S00180,63,7,10,2,4,3,243
S00181,7,40,63,4,5,5,455
S00182,1,4,4,5,2,2,522
S00183,115,2,3,1,1,1,111
S00184,14,2,2,4,1,1,411
S00185,3,29,43,5,5,5,555
S00186,0,42,63,5,5,5,555
S00187,0,37,55,5,5,5,555
S00188,11,3,7,4,2,3,423
S00189,14,31,46,4,5,5,455
S00190,161,2,3,1,1,1,111
S00191,14,6,9,4,3,3,433
S00192,43,2,4,2,1,2,212
S00193,73,2,2,1,1,1,111
S00194,36,10,17,2,4,4,244
S00195,1,38,65,5,5,5,555
S00196,0,8,15,5,4,4,544
S00197,67,1,1,1,1,1,111
S00198,17,16,28,3,5,5,355
S00199,17,5,7,3,3,3,333
S00200,26,3,7,3,2,3,323
S00201,14,12,23,4,4,4,444
S00202,42,6,10,2,3,3,233
S00203,62,3,6,2,2,2,222
S00204,46,1,2,2,1,1,211
S00205,25,3,4,3,2,2,322
S00206,3,4,6,5,2,2,522
S00207,41,3,5,2,2,2,222
S00208,35,3,6,2,2,2,222
S00209,4,10,16,5,4,4,544
S00210,78,1,2,1,1,1,111
S00211,37,6,12,2,3,4,234
S00212,2,48,78,5,5,5,555
S00213,1,9,17,5,4,4,544
S00214,69,2,3,1,1,1,111
S00215,17,13,24,3,4,4,344
S00216,20,11,15,3,4,4,344
S00217,73,3,5,1,2,2,122
S00218,117,2,5,1,1,2,112
S00219,25,1,3,3,1,1,311
S00220,31,8,14,2,4,4,244
S00221,56,3,5,2,2,2,222
S00222,16,6,12,3,3,4,334
S00223,6,4,6,4,2,2,422
S00224,3,10,14,5,4,4,544
S00225,22,2,3,3,1,1,311
S00226,0,42,69,5,5,5,555
S00227,64,6,7,1,3,3,133
S00228,109,5,8,1,3,3,133
S00229,112,3,4,1,2,2,122
S00230,19,6,9,3,3,3,333
S00231,4,14,25,5,4,5,545
S00232,1,3,5,5,2,2,522
S00233,4,2,3,5,1,1,511
S00234,52,6,10,2,3,3,233
S00235,1,41,64,5,5,5,555
S00236,15,11,20,3,4,4,344
S00237,53,2,2,2,1,1,211
S00238,6,22,40,4,5,5,455
S00239,43,3,6,2,2,2,222
S00240,48,6,9,2,3,3,233
S00241,20,11,21,3,4,4,344
S00242,37,3,5,2,2,2,222
S00243,49,2,2,2,1,1,211
S00244,59,1,1,2,1,1,211
S00245,41,3,7,2,2,3,223
S00246,22,11,19,3,4,4,344
S00247,79,4,6,1,2,2,122
S00248,4,35,56,5,5,5,555
S00249,15,14,26,3,4,5,345
S00250,60,2,3,2,1,1,211
S00251,35,8,15,2,4,4,244
S00252,64,3,3,1,2,1,121
S00253,5,40,61,4,5,5,455
S00254,7,7,14,4,4,4,444
S00255,8,1,2,4,1,1,411
S00256,26,18,29,3,5,5,355
S00257,5,10,15,4,4,4,444
S00258,4,18,32,5,5,5,555
S00259,18,34,55,3,5,5,355
S00260,2,14,21,5,4,4,544
S00261,56,4,10,2,2,3,223
S00262,12,9,14,4,4,4,444
S00263,96,4,7,1,2,3,123
S00264,17,10,17,3,4,4,344
S00265,3,31,51,5,5,5,555
S00266,2,10,18,5,4,4,544
S00267,24,8,12,3,4,4,344
S00268,85,2,3,1,1,1,111
S00269,100,2,5,1,1,2,112
S00270,72,1,1,1,1,1,111
S00271,24,13,22,3,4,4,344
S00272,12,22,36,4,5,5,455
S00273,2,3,5,5,2,2,522
S00274,16,4,7,3,2,3,323
S00275,108,3,7,1,2,3,123
S00276,24,6,10,3,3,3,333
S00277,8,4,5,4,2,2,422
S00278,95,3,5,1,2,2,122
S00279,41,3,6,2,2,2,222
S00280,4,16,25,5,5,5,555
S00281,0,31,50,5,5,5,555
S00282,42,2,3,2,1,1,211
S00283,2,16,31,5,5,5,555
S00284,3,15,22,5,5,4,554
S00285,8,22,31,4,5,5,455
S00286,13,5,9,4,3,3,433
S00287,65,3,4,1,2,2,122
S00288,13,7,10,4,4,3,443
S00289,9,6,9,4,3,3,433
S00290,7,4,9,4,2,3,423
S00291,31,19,26,2,5,5,255
S00292,23,9,18,3,4,4,344
S00293,32,3,4,2,2,2,222
S00294,42,1,1,2,1,1,211
S00295,39,3,5,2,2,2,222
S00296,15,2,3,3,1,1,311
S00297,64,5,9,1,3,3,133
S00298,3,12,22,5,4,4,544
S00299,14,4,7,4,2,3,423
S00300,6,6,8,4,3,3,433
S00301,13,42,67,4,5,5,455
S00302,4,11,22,5,4,4,544
S00303,3,43,69,5,5,5,555
S00304,55,2,3,2,1,1,211
S00305,0,26,37,5,5,5,555
S00306,63,1,2,2,1,1,211
S00307,57,1,1,2,1,1,211
S00308,9,4,6,4,2,2,422
S00309,48,11,19,2,4,4,244
S00310,21,3,6,3,2,2,322
S00311,1,24,38,5,5,5,555
S00312,1,11,19,5,4,4,544
S00313,127,2,2,1,1,1,111
S00314,51,1,2,2,1,1,211
S00315,4,20,36,5,5,5,555
S00316,52,2,2,2,1,1,211
S00317,10,26,42,4,5,5,455
S00318,10,30,49,4,5,5,455
S00319,4,31,49,5,5,5,555
S00320,62,1,3,2,1,1,211
S00321,0,12,18,5,4,4,544
S00322,13,18,28,4,5,5,455
S00323,20,10,18,3,4,4,344
S00324,10,7,10,4,4,3,443
S00325,56,4,5,2,2,2,222
S00326,0,20,32,5,5,5,555
S00327,3,34,64,5,5,5,555
S00328,16,5,6,3,3,2,332
S00329,47,6,8,2,3,3,233
S00330,2,39,66,5,5,5,555
S00331,2,9,13,5,4,4,544
S00332,8,4,7,4,2,3,423
S00333,9,3,4,4,2,2,422
S00334,4,10,14,5,4,4,544
S00335,4,3,6,5,2,2,522
S00336,10,3,3,4,2,1,421
S00337,22,3,4,3,2,2,322
S00338,26,6,9,3,3,3,333
S00339,17,14,22,3,4,4,344
S00340,69,1,3,1,1,1,111
S00341,9,11,19,4,4,4,444
S00342,25,6,12,3,3,4,334
S00343,34,5,9,2,3,3,233
S00344,5,4,4,4,2,2,422
S00345,12,15,23,4,5,4,454
S00346,67,4,5,1,2,2,122
S00347,77,3,6,1,2,2,122
S00348,46,5,7,2,3,3,233
S00349,63,3,4,2,2,2,222
S00350,94,1,1,1,1,1,111
S00351,32,4,6,2,2,2,222
S00352,5,30,44,4,5,5,455
S00353,1,20,32,5,5,5,555
S00354,7,6,11,4,3,4,434
S00355,3,14,26,5,4,5,545
S00356,24,3,4,3,2,2,322
S00357,3,21,33,5,5,5,555
S00358,108,3,5,1,2,2,122
S00359,3,16,27,5,5,5,555
S00360,0,29,43,5,5,5,555
S00361,16,10,14,3,4,4,344
S00362,87,5,7,1,3,3,133
S00363,3,13,20,5,4,4,544
S00364,26,4,6,3,2,2,322
S00365,141,1,1,1,1,1,111
S00366,0,17,30,5,5,5,555
S00367,0,10,15,5,4,4,544
S00368,15,16,24,3,5,4,354
S00369,11,8,12,4,4,4,444
S00370,8,36,62,4,5,5,455
S00371,9,22,40,4,5,5,455
S00372,23,1,1,3,1,1,311
S00373,125,1,1,1,1,1,111
S00374,22,2,3,3,1,1,311
S00375,7,8,11,4,4,4,444
S00376,39,4,6,2,2,2,222
S00377,137,2,2,1,1,1,111
S00378,15,6,13,3,3,4,334
S00379,6,5,7,4,3,3,433
S00380,12,5,6,4,3,2,432
S00381,8,9,13,4,4,4,444
S00382,49,3,6,2,2,2,222
S00383,30,24,44,2,5,5,255
S00384,29,9,14,3,4,4,344
S00385,10,8,12,4,4,4,444
S00386,3,34,59,5,5,5,555
S00387,21,3,4,3,2,2,322
S00388,30,4,5,2,2,2,222
S00389,97,4,7,1,2,3,123
S00390,92,2,4,1,1,2,112
S00391,23,4,8,3,2,3,323
S00392,1,6,13,5,3,4,534
S00393,119,2,2,1,1,1,111
S00394,116,1,2,1,1,1,111
S00395,89,2,5,1,1,2,112
S00396,39,4,5,2,2,2,222
S00397,78,2,3,1,1,1,111
S00398,177,1,2,1,1,1,111
S00399,18,1,1,3,1,1,311
S00400,0,27,46,5,5,5,555
S00401,20,7,13,3,4,4,344
S00402,107,2,4,1,1,2,112
S00403,0,20,35,5,5,5,555
S00404,110,2,2,1,1,1,111
S00405,22,2,4,3,1,2,312
S00406,56,4,7,2,2,3,223
S00407,4,4,7,5,2,3,523
S00408,8,7,11,4,4,4,444
S00409,9,5,10,4,3,3,433
S00410,1,19,30,5,5,5,555
S00411,43,3,5,2,2,2,222
S00412,17,2,5,3,1,2,312
S00413,28,2,4,3,1,2,312
S00414,32,3,5,2,2,2,222
S00415,15,3,4,3,2,2,322
S00416,7,4,5,4,2,2,422
S00417,5,5,6,4,3,2,432
S00418,3,9,17,5,4,4,544
S00419,2,15,27,5,5,5,555
S00420,24,1,2,3,1,1,311
S00421,52,4,7,2,2,3,223
S00422,2,20,28,5,5,5,555
S00423,37,4,5,2,2,2,222
S00424,5,6,9,4,3,3,433
S00425,19,1,2,3,1,1,311
S00426,98,1,1,1,1,1,111
S00427,72,2,5,1,1,2,112
S00428,2,40,67,5,5,5,555
S00429,83,2,4,1,1,2,112
S00430,39,1,2,2,1,1,211
S00431,28,3,3,3,2,1,321
S00432,54,7,10,2,4,3,243
S00433,63,4,5,2,2,2,222
S00434,51,3,3,2,2,1,221
S00435,5,15,21,4,5,4,454
S00436,118,3,4,1,2,2,122
S00437,4,39,60,5,5,5,555
S00438,12,14,24,4,4,4,444
S00439,3,22,35,5,5,5,555
S00440,87,3,4,1,2,2,122
S00441,16,14,24,3,4,5,345
S00442,7,13,25,4,4,5,445
S00443,0,34,54,5,5,5,555
S00444,5,1,2,4,1,1,411
S00445,13,4,7,4,2,3,423
S00446,11,34,45,4,5,5,455
S00447,152,1,1,1,1,1,111
S00448,4,2,5,5,1,2,512
S00449,34,4,7,2,2,3,223
S00450,12,15,25,4,5,5,455
S00451,71,4,8,1,2,3,123
S00452,4,3,4,5,2,2,522
S00453,0,6,8,5,3,3,533
S00454,23,11,20,3,4,4,344
S00455,3,30,50,5,5,5,555
S00456,35,2,3,2,1,1,211
S00457,34,4,7,2,2,3,223
S00458,2,22,34,5,5,5,555
S00459,16,31,46,3,5,5,355
S00460,113,4,6,1,3,2,132
S00461,73,3,3,1,2,1,121
S00462,28,4,8,3,3,3,333
S00463,123,2,3,1,1,1,111
S00464,4,24,31,5,5,5,555
S00465,6,7,16,4,4,4,444
S00466,0,36,64,5,5,5,555
S00467,46,5,10,2,3,3,233
S00468,44,4,6,2,3,2,232
S00469,88,2,5,1,1,2,112
S00470,21,1,1,3,1,1,311
S00471,100,3,5,1,2,2,122
S00472,37,4,5,2,3,2,232
S00473,0,38,63,5,5,5,555
S00474,29,3,5,3,2,2,322
S00475,4,2,2,5,1,1,511
S00476,35,5,9,2,3,3,233
S00477,57,1,1,2,1,1,211
S00478,23,7,11,3,4,4,344
S00479,14,4,7,4,3,3,433
S00480,1,4,4,5,3,2,532
S00481,45,6,9,2,3,3,233
S00482,36,1,2,2,1,1,211
S00483,4,7,9,5,4,3,543
S00484,0,3,4,5,2,2,522
S00485,32,3,5,2,2,2,222
S00486,90,4,7,1,3,3,133
S00487,25,7,13,3,4,4,344
S00488,6,32,55,4,5,5,455
S00489,66,4,6,1,3,2,132
S00490,0,5,8,5,3,3,533
S00491,65,2,2,1,1,1,111
S00492,61,2,4,2,1,2,212
S00493,108,1,1,1,1,1,111
S00494,0,24,38,5,5,5,555
S00495,1,3,4,5,2,2,522
S00496,12,7,11,4,4,4,444
S00497,9,16,28,4,5,5,455
S00498,13,6,10,4,3,3,433
S00499,14,1,3,4,1,1,411
S00500,126,1,2,1,1,1,111
S00501,14,5,8,4,3,3,433
S00502,58,4,7,2,3,3,233
S00503,13,2,4,4,1,2,412
S00504,1,29,44,5,5,5,555
S00505,8,26,45,4,5,5,455
S00506,2,19,32,5,5,5,555
S00507,24,4,6,3,3,2,332
S00508,18,4,5,3,3,2,332
S00509,12,14,23,4,4,4,444
S00510,124,2,3,1,1,1,111
S00511,16,3,4,3,2,2,322
S00512,33,16,27,2,5,5,255
S00513,92,4,9,1,3,3,133
S00514,8,9,15,4,4,4,444
S00515,11,10,16,4,4,4,444
S00516,23,5,8,3,3,3,333
S00517,32,4,7,2,3,3,233
S00518,6,3,6,4,2,2,422
S00519,16,8,10,3,4,3,343
S00520,1,7,8,5,4,3,543
S00521,59,5,7,2,3,3,233
S00522,1,12,19,5,4,4,544
S00523,135,1,1,1,1,1,111
S00524,23,3,5,3,2,2,322
S00525,22,26,38,3,5,5,355
S00526,1,25,46,5,5,5,555
S00527,77,2,5,1,1,2,112
S00528,7,2,3,4,1,1,411
S00529,50,2,3,2,1,1,211
S00530,30,10,17,2,4,4,244
S00531,2,21,30,5,5,5,555
S00532,36,2,3,2,1,1,211
S00533,4,19,28,5,5,5,555
S00534,7,27,47,4,5,5,455
S00535,19,8,10,3,4,3,343
S00536,87,4,8,1,3,3,133
S00537,129,1,1,1,1,1,111
S00538,50,2,2,2,1,1,211
S00539,30,4,6,2,3,2,232
S00540,96,1,2,1,1,1,111
S00541,0,31,53,5,5,5,555
S00542,59,2,2,2,1,1,211
S00543,14,12,20,4,4,4,444
S00544,22,3,6,3,2,2,322
S00545,28,3,4,3,2,2,322
S00546,50,7,12,2,4,4,244
S00547,138,1,1,1,1,1,111
S00548,43,7,9,2,4,3,243
S00549,8,35,51,4,5,5,455
S00550,42,2,3,2,1,1,211
S00551,21,5,10,3,3,3,333
S00552,15,5,10,3,3,3,333
S00553,14,3,4,3,2,2,322
S00554,55,3,4,2,2,2,222
S00555,1,6,12,5,3,4,534
S00556,4,9,13,5,4,4,544
S00557,55,1,2,2,1,1,211
S00558,7,12,18,4,4,4,444
S00559,87,2,4,1,1,2,112
S00560,100,1,3,1,1,1,111
S00561,50,2,3,2,1,1,211
S00562,6,12,20,4,4,4,444
S00563,41,1,1,2,1,1,211
S00564,127,1,1,1,1,1,111
S00565,9,29,53,4,5,5,455
S00566,3,22,33,5,5,5,555
S00567,8,5,9,4,3,3,433
S00568,5,16,26,4,5,5,455
S00569,13,27,51,4,5,5,455
S00570,2,6,9,5,3,3,533
S00571,142,2,3,1,1,1,111
S00572,17,6,8,3,3,3,333
S00573,5,43,64,4,5,5,455
S00574,59,4,7,2,3,3,233
S00575,27,3,7,3,2,3,323
S00576,8,2,3,4,1,1,411
S00577,25,2,2,3,1,1,311
S00578,11,8,15,4,4,4,444
S00579,36,1,1,2,1,1,211
S00580,22,32,56,3,5,5,355
S00581,9,16,28,4,5,5,455
S00582,47,4,6,2,3,2,232
S00583,0,10,15,5,4,4,544
S00584,20,2,3,3,1,1,311
S00585,23,8,15,3,4,4,344
S00586,20,15,26,3,5,5,355
S00587,46,7,8,2,4,3,243
S00588,77,2,4,1,1,2,112
S00589,81,5,9,1,3,3,133
S00590,17,3,5,3,2,2,322
S00591,10,13,22,4,4,4,444
S00592,7,8,13,4,4,4,444
S00593,79,3,5,1,2,2,122
S00594,16,5,9,3,3,3,333
S00595,13,10,18,4,4,4,444
S00596,99,2,3,1,1,1,111
S00597,76,1,1,1,1,1,111
S00598,0,7,13,5,4,4,544
S00599,6,7,10,4,4,3,443
S00600,19,7,12,3,4,4,344
S00601,4,34,56,5,5,5,555
S00602,5,23,30,4,5,5,455
S00603,29,3,6,3,2,2,322
S00604,3,43,71,5,5,5,555
S00605,1,17,33,5,5,5,555
S00606,33,8,14,2,4,4,244
S00607,33,12,18,2,4,4,244
S00608,8,17,34,4,5,5,455
S00609,18,5,8,3,3,3,333
S00610,175,1,2,1,1,1,111
S00611,1,4,7,5,3,3,533
S00612,7,9,16,4,4,4,444
S00613,7,17,30,4,5,5,455
S00614,0,2,3,5,1,1,511
S00615,3,10,17,5,4,4,544
S00616,17,17,32,3,5,5,355
S00617,33,4,6,2,3,2,232
S00618,7,23,42,4,5,5,455
S00619,23,3,6,3,2,2,322
S00620,61,2,2,2,1,1,211
S00621,47,1,2,2,1,1,211
S00622,0,31,52,5,5,5,555
S00623,135,3,5,1,2,2,122
S00624,7,43,73,4,5,5,455
S00625,16,8,11,3,4,4,344
S00626,62,3,5,2,2,2,222
S00627,1,4,6,5,3,2,532
S00628,5,7,14,4,4,4,444
S00629,36,3,3,2,2,1,221
S00630,70,2,4,1,1,2,112
S00631,13,4,6,4,3,2,432
S00632,10,4,8,4,3,3,433
S00633,6,5,5,4,3,2,432
S00634,46,1,1,2,1,1,211
S00635,45,4,6,2,3,2,232
S00636,7,9,13,4,4,4,444
S00637,6,10,13,4,4,4,444
S00638,13,22,42,4,5,5,455
S00639,27,1,3,3,1,1,311
S00640,5,19,29,4,5,5,455
S00641,77,3,6,1,2,2,122
S00642,0,37,66,5,5,5,555
S00643,63,2,4,1,1,2,112
S00644,6,3,6,4,2,2,422
S00645,2,7,12,5,4,4,544
S00646,77,1,1,1,1,1,111
S00647,20,30,51,3,5,5,355
S00648,45,2,4,2,1,2,212
S00649,17,8,13,3,4,4,344
S00650,1,5,6,5,3,2,532
S00651,40,6,9,2,3,3,233
S00652,52,1,1,2,1,1,211
S00653,8,20,36,4,5,5,455
S00654,1,2,2,5,1,1,511
S00655,5,18,28,4,5,5,455
S00656,5,31,51,4,5,5,455
S00657,4,20,34,5,5,5,555
S00658,72,3,4,1,2,2,122
S00659,60,6,10,2,3,3,233
S00660,107,3,5,1,2,2,122
S00661,3,4,8,5,3,3,533
S00662,161,1,1,1,1,1,111
S00663,118,2,4,1,1,2,112
S00664,81,3,5,1,2,2,122
S00665,2,29,46,5,5,5,555
S00666,42,5,7,2,3,3,233
S00667,45,1,1,2,1,1,211
S00668,0,38,62,5,5,5,555
S00669,111,2,4,1,1,2,112
S00670,28,6,11,3,3,4,334
S00671,3,21,32,5,5,5,555
S00672,10,1,2,4,1,1,411
S00673,102,1,1,1,1,1,111
S00674,108,3,6,1,2,2,122
S00675,82,2,5,1,1,2,112
S00676,39,5,9,2,3,3,233
S00677,48,2,3,2,1,1,211
S00678,28,6,11,3,3,4,334
S00679,26,20,36,3,5,5,355
S00680,9,33,46,4,5,5,455
S00681,76,2,3,1,1,1,111
S00682,4,7,11,5,4,4,544
S00683,7,19,34,4,5,5,455
S00684,37,4,5,2,3,2,232
S00685,5,1,2,4,1,1,411
S00686,10,33,59,4,5,5,455
S00687,0,25,38,5,5,5,555
S00688,7,2,5,4,1,2,412
S00689,42,3,4,2,2,2,222
S00690,103,1,1,1,1,1,111
S00691,27,7,10,3,4,3,343
S00692,34,5,8,2,3,3,233
S00693,48,5,9,2,3,3,233
S00694,5,11,16,4,4,4,444
S00695,66,4,6,1,3,2,132
S00696,61,1,1,2,1,1,211
S00697,22,2,2,3,1,1,311
S00698,39,8,14,2,4,4,244
S00699,60,5,9,2,3,3,233
S00700,2,12,20,5,4,4,544
S00701,64,1,1,1,1,1,111
S00702,3,3,3,5,2,1,521
S00703,27,21,32,3,5,5,355
S00704,19,2,3,3,1,1,311
S00705,2,21,30,5,5,5,555
S00706,3,7,13,5,4,4,544
S00707,120,1,2,1,1,1,111
S00708,5,27,39,4,5,5,455
S00709,97,2,2,1,1,1,111
S00710,14,10,12,3,4,4,344
S00711,12,8,12,4,4,4,444
S00712,29,3,5,3,2,2,322
S00713,1,33,59,5,5,5,555
S00714,7,8,19,4,4,4,444
S00715,119,2,2,1,1,1,111
S00716,27,3,6,3,2,2,322
S00717,0,20,32,5,5,5,555
S00718,2,4,6,5,3,2,532
S00719,0,5,5,5,3,2,532
S00720,31,16,28,2,5,5,255
S00721,11,27,42,4,5,5,455
S00722,41,2,4,2,1,2,212
S00723,41,3,4,2,2,2,222
S00724,2,19,35,5,5,5,555
S00725,14,11,15,3,4,4,344
S00726,5,2,3,4,1,1,411
S00727,8,19,29,4,5,5,455
S00728,12,23,45,4,5,5,455
S00729,132,1,2,1,1,1,111
S00730,18,6,8,3,3,3,333
S00731,15,3,4,3,2,2,322
S00732,27,5,9,3,3,3,333
S00733,3,12,15,5,4,4,544
S00734,77,1,1,1,1,1,111
S00735,0,18,27,5,5,5,555
S00736,0,33,61,5,5,5,555
S00737,19,7,13,3,4,4,344
S00738,26,6,9,3,3,3,333
S00739,37,4,8,2,3,3,233
S00740,0,5,8,5,3,3,533
S00741,28,19,39,3,5,5,355
S00742,92,1,1,1,1,1,111
S00743,8,2,2,4,1,1,411
S00744,112,1,1,1,1,1,111
S00745,6,29,40,4,5,5,455
S00746,9,3,7,4,2,3,423
S00747,20,5,7,3,3,3,333
S00748,92,3,5,1,2,2,122
S00749,47,11,18,2,4,4,244
S00750,23,9,13,3,4,4,344
S00751,68,1,2,1,1,1,111
S00752,3,9,16,5,4,4,544
S00753,40,4,5,2,3,2,232
S00754,114,2,3,1,1,1,111
S00755,25,11,14,3,4,4,344
S00756,25,4,5,3,3,2,332
S00757,111,2,3,1,1,1,111
S00758,2,7,13,5,4,4,544
S00759,20,4,8,3,3,3,333
S00760,51,3,3,2,2,1,221
S00761,29,6,10,3,3,3,333
S00762,7,4,6,4,3,2,432
S00763,18,1,2,3,1,1,311
S00764,0,24,35,5,5,5,555
S00765,24,18,24,3,5,5,355
S00766,27,3,4,3,2,2,322
S00767,15,18,27,3,5,5,355
S00768,37,3,7,2,2,3,223
S00769,11,8,12,4,4,4,444
S00770,47,5,9,2,3,3,233
S00771,73,4,6,1,3,2,132
S00772,15,5,6,3,3,2,332
S00773,8,4,5,4,3,2,432
S00774,3,4,4,5,3,2,532
S00775,90,2,4,1,1,2,112
S00776,2,6,11,5,3,4,534
S00777,16,29,46,3,5,5,355
S00778,1,9,17,5,4,4,544
S00779,13,11,18,4,4,4,444
S00780,74,3,5,1,2,2,122
S00781,17,9,16,3,4,4,344
S00782,6,26,43,4,5,5,455
S00783,0,5,9,5,3,3,533
S00784,59,4,6,2,3,2,232
S00785,5,11,19,4,4,4,444
S00786,45,2,2,2,1,1,211
S00787,20,4,7,3,3,3,333
S00788,5,25,43,4,5,5,455
S00789,60,1,1,2,1,1,211
S00790,22,14,24,3,4,5,345
S00791,8,10,13,4,4,4,444
S00792,24,6,10,3,3,3,333
S00793,57,1,2,2,1,1,211
S00794,15,5,7,3,3,3,333
S00795,18,2,2,3,1,1,311
S00796,17,3,4,3,2,2,322
S00797,28,8,12,3,4,4,344
S00798,28,10,16,3,4,4,344
S00799,7,21,36,4,5,5,455
S00800,14,13,20,3,4,4,344
S00801,18,5,9,3,3,3,333
S00802,6,13,19,4,4,4,444
S00803,16,9,17,3,4,4,344
S00804,2,18,34,5,5,5,555
S00805,18,11,17,3,4,4,344
S00806,5,16,25,4,5,5,455
S00807,41,8,15,2,4,4,244
S00808,22,13,18,3,4,4,344
S00809,33,2,2,2,1,1,211
S00810,25,7,12,3,4,4,344
S00811,106,1,1,1,1,1,111
S00812,2,4,5,5,3,2,532
S00813,0,29,45,5,5,5,555
S00814,38,8,14,2,4,4,244
S00815,120,1,3,1,1,1,111
S00816,94,1,3,1,1,1,111
S00817,0,5,9,5,3,3,533
S00818,7,18,28,4,5,5,455
S00819,56,6,8,2,3,3,233
S00820,15,22,33,3,5,5,355
S00821,28,3,3,3,2,1,321
S00822,1,8,13,5,4,4,544
S00823,8,10,14,4,4,4,444
S00824,78,3,5,1,2,2,122
S00825,9,14,20,4,4,4,444
S00826,6,51,84,4,5,5,455
S00827,1,3,6,5,2,2,522
S00828,74,3,4,1,2,2,122
S00829,5,4,6,4,3,2,432
S00830,54,4,8,2,3,3,233
S00831,4,12,18,5,4,4,544
S00832,11,2,3,4,1,1,411
S00833,2,12,20,5,4,4,544
S00834,25,6,11,3,3,4,334
S00835,3,5,10,5,3,3,533
S00836,17,3,3,3,2,1,321
S00837,22,2,5,3,1,2,312
S00838,4,29,47,5,5,5,555
S00839,32,8,10,2,4,3,243
S00840,5,12,23,4,4,4,444
S00841,5,7,13,4,4,4,444
S00842,32,4,7,2,3,3,233
S00843,13,12,17,4,4,4,444
S00844,54,7,9,2,4,3,243
S00845,21,9,13,3,4,4,344
S00846,24,2,6,3,1,2,312
S00847,3,6,8,5,3,3,533
S00848,35,2,4,2,1,2,212
S00849,3,8,12,5,4,4,544
S00850,0,8,13,5,4,4,544
S00851,6,9,16,4,4,4,444
S00852,14,6,9,3,3,3,333
S00853,47,8,13,2,4,4,244
S00854,14,2,3,3,1,1,311
S00855,11,14,21,4,4,4,444
S00856,38,5,6,2,3,2,232
S00857,46,4,6,2,3,2,232
S00858,19,2,2,3,1,1,311
S00859,34,3,3,2,2,1,221
S00860,22,5,8,3,3,3,333
S00861,94,1,1,1,1,1,111
S00862,74,1,2,1,1,1,111
S00863,14,4,6,3,3,2,332
S00864,24,7,11,3,4,4,344
S00865,1,33,56,5,5,5,555
S00866,30,3,5,2,2,2,222
S00867,9,12,24,4,4,5,445
S00868,125,6,10,1,3,3,133
S00869,18,3,6,3,2,2,322
S00870,34,13,20,2,4,4,244
S00871,49,3,6,2,2,2,222
S00872,0,30,54,5,5,5,555
S00873,41,3,4,2,2,2,222
S00874,3,6,9,5,3,3,533
S00875,0,21,33,5,5,5,555
S00876,38,6,11,2,3,4,234
S00877,5,36,59,4,5,5,455
S00878,35,19,33,2,5,5,255
S00879,47,4,9,2,3,3,233
S00880,9,13,20,4,4,4,444
S00881,9,6,10,4,3,3,433
S00882,41,5,6,2,3,2,232
S00883,7,16,27,4,5,5,455
S00884,61,9,10,2,4,3,243
S00885,150,1,2,1,1,1,111
S00886,102,5,8,1,3,3,133
S00887,43,5,11,2,3,4,234
S00888,35,1,1,2,1,1,211
S00889,23,3,8,3,2,3,323
S00890,78,7,14,1,4,4,144
S00891,1,20,31,5,5,5,555
S00892,83,3,3,1,2,1,121
S00893,6,5,8,4,3,3,433
S00894,19,4,8,3,3,3,333
S00895,57,2,5,2,1,2,212
S00896,19,18,31,3,5,5,355
S00897,8,18,29,4,5,5,455
S00898,14,1,1,3,1,1,311
S00899,6,35,57,4,5,5,455
S00900,9,26,38,4,5,5,455
S00901,79,1,1,1,1,1,111
S00902,2,3,7,5,2,3,523
S00903,33,6,12,2,3,4,234
S00904,58,4,5,2,3,2,232
S00905,2,22,35,5,5,5,555
S00906,1,10,18,5,4,4,544
S00907,3,29,58,5,5,5,555
S00908,26,1,1,3,1,1,311
S00909,10,15,23,4,5,4,454
S00910,2,4,6,5,3,2,532
S00911,126,1,2,1,1,1,111
S00912,15,1,1,3,1,1,311
S00913,104,3,3,1,2,1,121
S00914,31,2,2,2,1,1,211
S00915,20,3,6,3,2,2,322
S00916,4,32,51,5,5,5,555
S00917,32,5,8,2,3,3,233
S00918,11,6,7,4,3,3,433
S00919,1,5,9,5,3,3,533
S00920,116,1,3,1,1,1,111
S00921,8,3,6,4,2,2,422
S00922,80,2,3,1,1,1,111
S00923,91,2,4,1,1,2,112
S00924,33,6,9,2,3,3,233
S00925,32,6,9,2,3,3,233
S00926,25,5,7,3,3,3,333
S00927,0,31,51,5,5,5,555
S00928,138,3,4,1,2,2,122
S00929,15,14,20,3,4,4,344
S00930,2,30,47,5,5,5,555
S00931,4,15,25,5,5,5,555
S00932,43,4,6,2,3,2,232
S00933,1,33,50,5,5,5,555
S00934,138,2,4,1,1,2,112
S00935,65,2,4,1,1,2,112
S00936,97,2,2,1,1,1,111
S00937,34,1,1,2,1,1,211
S00938,166,1,2,1,1,1,111
S00939,14,12,23,3,4,4,344
S00940,0,29,47,5,5,5,555
S00941,16,5,9,3,3,3,333
S00942,19,3,6,3,2,2,322
S00943,17,10,19,3,4,4,344
S00944,5,6,10,4,3,3,433
S00945,13,3,5,4,2,2,422
S00946,9,5,9,4,3,3,433
S00947,1,5,9,5,3,3,533
S00948,5,28,42,4,5,5,455
S00949,2,2,2,5,1,1,511
S00950,13,11,17,4,4,4,444
S00951,0,30,51,5,5,5,555
S00952,19,3,6,3,2,2,322
S00953,0,4,9,5,3,3,533
S00954,97,1,2,1,1,1,111
S00955,6,7,10,4,4,3,443
S00956,18,6,11,3,3,4,334
S00957,3,4,7,5,3,3,533
S00958,18,3,4,3,2,2,322
S00959,10,29,45,4,5,5,455
S00960,7,2,5,4,1,2,412
S00961,25,4,9,3,3,3,333
S00962,9,5,8,4,3,3,433
S00963,77,1,2,1,1,1,111
S00964,147,2,3,1,1,1,111
S00965,24,12,21,3,4,4,344
S00966,103,2,4,1,1,2,112
S00967,4,19,27,5,5,5,555
S00968,78,2,3,1,1,1,111
S00969,77,1,2,1,1,1,111
S00970,33,11,20,2,4,4,244
S00971,11,3,4,4,2,2,422
S00972,79,3,4,1,2,2,122
S00973,51,2,4,2,1,2,212
S00974,168,1,3,1,1,1,111
S00975,170,1,3,1,1,1,111
S00976,47,1,2,2,1,1,211
S00977,8,16,25,4,5,5,455
S00978,88,4,6,1,3,2,132
S00979,10,6,11,4,3,4,434
S00980,55,1,1,2,1,1,211
S00981,2,5,7,5,3,3,533
S00982,13,8,17,4,4,4,444
S00983,69,5,9,1,3,3,133
S00984,49,1,2,2,1,1,211
S00985,6,34,58,4,5,5,455
S00986,45,3,7,2,2,3,223
S00987,28,23,37,3,5,5,355
S00988,26,4,8,3,3,3,333
S00989,5,27,45,4,5,5,455
S00990,20,4,5,3,3,2,332
S00991,59,4,7,2,3,3,233
S00992,20,10,21,3,4,4,344
S00993,58,4,4,2,3,2,232
S00994,12,25,41,4,5,5,455
S00995,91,4,8,1,3,3,133
S00996,14,9,16,3,4,4,344
S00997,3,40,69,5,5,5,555
S00998,34,5,12,2,3,4,234
S00999,133,1,2,1,1,1,111
S01000,33,4,5,2,3,2,232
S01001,153,2,5,1,1,2,112
S01002,8,2,3,4,1,1,411
S01003,0,10,16,5,4,4,544
S01004,15,5,9,3,3,3,333
S01005,6,25,42,4,5,5,455
S01006,3,3,6,5,2,2,522
S01007,9,4,6,4,3,3,433
S01008,1,28,46,5,5,5,555
S01009,13,8,14,4,4,4,444
S01010,18,4,10,3,3,3,333
S01011,32,3,5,2,2,2,222
S01012,8,8,15,4,4,4,444
S01013,75,5,7,1,3,3,133
S01014,84,1,1,1,1,1,111
S01015,103,1,2,1,1,1,111
S01016,32,7,11,2,4,4,244
S01017,32,2,3,2,1,1,211
S01018,107,2,2,1,1,1,111
S01019,37,2,3,2,1,1,211
S01020,59,1,1,2,1,1,211
S01021,7,6,10,4,3,3,433
S01022,165,1,2,1,1,1,111
S01023,22,6,13,3,3,4,334
S01024,25,13,19,3,4,4,344
S01025,0,31,49,5,5,5,555
S01026,86,2,3,1,1,1,111
S01027,11,4,9,4,3,3,433
S01028,30,7,13,2,4,4,244
S01029,13,4,8,4,3,3,433
S01030,2,14,27,5,4,5,545
S01031,24,8,12,3,4,4,344
S01032,143,1,2,1,1,1,111
S01033,71,2,3,1,1,1,111
S01034,26,9,15,3,4,4,344
S01035,136,2,3,1,1,1,111
S01036,35,8,13,2,4,4,244
S01037,23,3,4,3,2,2,322
S01038,64,3,7,1,2,3,123
S01039,44,2,5,2,1,2,212
S01040,16,5,8,3,3,3,333
S01041,1,21,33,5,5,5,555
S01042,21,5,9,3,3,3,333
S01043,9,11,15,4,4,4,444
S01044,83,1,2,1,1,1,111
S01045,2,35,60,5,5,5,555
S01046,39,3,6,2,2,3,223
S01047,3,7,13,5,4,4,544
S01048,75,2,3,1,1,1,111
S01049,72,3,5,1,2,2,122
S01050,62,1,2,2,1,1,211
S01051,58,1,2,2,1,1,211
S01052,2,18,31,5,5,5,555
S01053,35,24,42,2,5,5,255
S01054,53,4,6,2,3,3,233
S01055,25,11,15,3,4,4,344
S01056,89,5,7,1,3,3,133
S01057,24,2,3,3,1,1,311
S01058,84,3,5,1,2,2,122
S01059,21,13,19,3,4,4,344
S01060,58,3,4,2,2,2,222
S01061,105,3,4,1,2,2,122
S01062,10,2,4,4,1,2,412
S01063,87,2,3,1,1,1,111
S01064,0,14,21,5,4,4,544
S01065,14,2,3,3,1,1,311
S01066,34,5,10,2,3,3,233
S01067,2,3,4,5,2,2,522
S01068,13,22,35,4,5,5,455
S01069,0,19,27,5,5,5,555
S01070,86,2,4,1,1,2,112
S01071,2,26,49,5,5,5,555
S01072,56,4,8,2,3,3,233
S01073,73,3,5,1,2,2,122
S01074,3,31,49,5,5,5,555
S01075,51,5,8,2,3,3,233
S01076,7,12,20,4,4,4,444
S01077,54,3,5,2,2,2,222
S01078,79,5,10,1,3,3,133
S01079,83,1,2,1,1,1,111
S01080,13,10,14,4,4,4,444
S01081,20,2,4,3,1,2,312
S01082,41,5,8,2,3,3,233
S01083,6,44,72,4,5,5,455
S01084,74,2,2,1,1,1,111
S01085,0,30,45,5,5,5,555
S01086,28,3,4,3,2,2,322
S01087,21,15,23,3,5,4,354
S01088,18,3,5,3,2,2,322
S01089,5,3,6,4,2,3,423
S01090,4,25,36,5,5,5,555
S01091,106,4,8,1,3,3,133
S01092,71,3,5,1,2,2,122
S01093,3,4,6,5,3,3,533
S01094,78,6,11,1,3,4,134
S01095,140,2,4,1,1,2,112
S01096,170,1,1,1,1,1,111
S01097,25,11,20,3,4,4,344
S01098,163,1,2,1,1,1,111
S01099,47,1,2,2,1,1,211
S01100,76,2,3,1,1,1,111
S01101,8,3,4,4,2,2,422
S01102,67,2,2,1,1,1,111
S01103,26,3,6,3,2,3,323
S01104,98,1,1,1,1,1,111
S01105,1,9,15,5,4,4,544
S01106,9,5,10,4,3,3,433
S01107,48,5,8,2,3,3,233
S01108,76,3,5,1,2,2,122
S01109,1,12,17,5,4,4,544
S01110,90,1,1,1,1,1,111
S01111,1,10,19,5,4,4,544
S01112,7,12,23,4,4,4,444
S01113,39,3,5,2,2,2,222
S01114,0,9,13,5,4,4,544
S01115,25,4,6,3,3,3,333
S01116,4,2,4,5,2,2,522
S01117,42,4,6,2,3,3,233
S01118,2,6,8,5,3,3,533
S01119,4,2,5,5,2,2,522
S01120,10,4,7,4,3,3,433
S01121,43,6,7,2,3,3,233
S01122,25,23,38,3,5,5,355
S01123,76,1,2,1,1,1,111
S01124,43,3,6,2,2,3,223
S01125,32,11,19,2,4,4,244
S01126,25,1,2,3,1,1,311
S01127,8,2,3,4,2,1,421
S01128,63,3,7,1,2,3,123
S01129,2,4,6,5,3,3,533
S01130,15,23,34,3,5,5,355
S01131,8,9,13,4,4,4,444
S01132,70,7,10,1,4,3,143
S01133,111,1,1,1,1,1,111
S01134,1,34,58,5,5,5,555
S01135,15,4,7,3,3,3,333
S01136,43,7,11,2,4,4,244
S01137,109,2,4,1,2,2,122
S01138,50,13,27,2,4,5,245
S01139,25,5,8,3,3,3,333
S01140,11,11,15,4,4,4,444
S01141,28,25,39,3,5,5,355
S01142,39,3,4,2,2,2,222
S01143,3,45,69,5,5,5,555
S01144,8,21,35,4,5,5,455
S01145,45,5,10,2,3,3,233
S01146,18,3,5,3,2,2,322
S01147,3,3,3,5,2,1,521
S01148,14,15,22,3,5,4,354
S01149,4,10,18,5,4,4,544
S01150,2,11,16,5,4,4,544
S01151,6,7,13,4,4,4,444
S01152,9,4,6,4,3,3,433
S01153,16,17,31,3,5,5,355
S01154,1,27,46,5,5,5,555
S01155,18,7,10,3,4,3,343
S01156,3,8,15,5,4,4,544
S01157,5,1,1,4,1,1,411
S01158,6,5,8,4,3,3,433
S01159,18,4,5,3,3,2,332
S01160,6,17,30,4,5,5,455
S01161,6,17,29,4,5,5,455
S01162,25,10,15,3,4,4,344
S01163,85,4,7,1,3,3,133
S01164,114,4,6,1,3,3,133
S01165,49,3,4,2,2,2,222
S01166,19,2,2,3,2,1,321
S01167,10,5,9,4,3,3,433
S01168,83,9,12,1,4,4,144
S01169,125,1,2,1,1,1,111
S01170,23,8,12,3,4,4,344
S01171,23,6,9,3,3,3,333
S01172,161,1,1,1,1,1,111
S01173,9,8,15,4,4,4,444
S01174,19,4,8,3,3,3,333
S01175,7,14,19,4,4,4,444
S01176,0,18,22,5,5,4,554
S01177,90,1,1,1,1,1,111
S01178,4,5,6,5,3,3,533
S01179,9,9,12,4,4,4,444
S01180,4,2,5,5,2,2,522
S01181,3,7,10,5,4,3,543
S01182,10,4,5,4,3,2,432
S01183,4,8,11,5,4,4,544
S01184,5,25,46,4,5,5,455
S01185,28,3,6,3,2,3,323
S01186,3,43,72,5,5,5,555
S01187,0,38,65,5,5,5,555
S01188,27,7,15,3,4,4,344
S01189,22,1,2,3,1,1,311
S01190,169,1,1,1,1,1,111
S01191,4,7,15,5,4,4,544
S01192,148,1,1,1,1,1,111
S01193,95,3,3,1,2,1,121
S01194,160,3,4,1,2,2,122
S01195,6,7,11,4,4,4,444
S01196,30,5,10,2,3,3,233
S01197,6,7,9,4,4,3,443
S01198,30,6,9,2,3,3,233
S01199,5,19,28,4,5,5,455
S01200,22,1,2,3,1,1,311
S01201,99,5,8,1,3,3,133
S01202,31,4,6,2,3,3,233
S01203,28,11,20,3,4,4,344
S01204,6,3,4,4,2,2,422
S01205,3,10,15,5,4,4,544
S01206,1,17,29,5,5,5,555
S01207,39,3,4,2,2,2,222
S01208,23,8,13,3,4,4,344
S01209,46,9,18,2,4,4,244
S01210,67,11,19,1,4,4,144
S01211,11,4,7,4,3,3,433
S01212,18,5,9,3,3,3,333
S01213,3,5,7,5,3,3,533
S01214,2,8,11,5,4,4,544
S01215,1,17,30,5,5,5,555
S01216,0,11,21,5,4,4,544
S01217,43,5,8,2,3,3,233
S01218,2,3,4,5,2,2,522
S01219,167,2,3,1,2,1,121
S01220,63,1,2,1,1,1,111
S01221,54,5,7,2,3,3,233
S01222,26,1,2,3,1,1,311
S01223,36,4,6,2,3,3,233
S01224,29,4,7,3,3,3,333
S01225,10,28,45,4,5,5,455
S01226,2,8,13,5,4,4,544
S01227,19,3,4,3,2,2,322
S01228,107,4,6,1,3,3,133
S01229,0,13,23,5,4,4,544
S01230,108,3,4,1,2,2,122
S01231,32,1,2,2,1,1,211
S01232,63,2,3,1,2,1,121
S01233,37,4,4,2,3,2,232
S01234,133,2,4,1,2,2,122
S01235,2,11,17,5,4,4,544
S01236,51,4,6,2,3,3,233
S01237,8,7,14,4,4,4,444
S01238,0,46,77,5,5,5,555
S01239,1,28,43,5,5,5,555
S01240,19,8,15,3,4,4,344
S01241,0,17,30,5,5,5,555
S01242,21,5,9,3,3,3,333
S01243,71,3,5,1,2,2,122
S01244,18,3,5,3,2,2,322
S01245,18,5,10,3,3,3,333
S01246,107,3,5,1,2,2,122
S01247,46,3,5,2,2,2,222
S01248,32,2,3,2,2,1,221
S01249,15,4,6,3,3,3,333
S01250,15,3,6,3,2,3,323
S01251,6,33,41,4,5,5,455
S01252,12,9,15,4,4,4,444
S01253,55,10,18,2,4,4,244
S01254,3,2,5,5,2,2,522
S01255,71,3,5,1,2,2,122
S01256,120,2,2,1,2,1,121
S01257,9,13,21,4,4,4,444
S01258,0,35,60,5,5,5,555
S01259,0,37,65,5,5,5,555
S01260,23,6,10,3,3,3,333
S01261,58,3,5,2,2,2,222
S01262,2,2,4,5,2,2,522
S01263,18,2,2,3,2,1,321
S01264,19,16,31,3,5,5,355
S01265,49,2,3,2,2,1,221
S01266,11,13,18,4,4,4,444
S01267,111,1,1,1,1,1,111
S01268,10,28,44,4,5,5,455
S01269,6,4,8,4,3,3,433
S01270,122,1,1,1,1,1,111
S01271,63,2,5,1,2,2,122
S01272,67,2,3,1,2,1,121
S01273,110,1,1,1,1,1,111
S01274,70,3,4,1,2,2,122
S01275,64,5,11,1,3,4,134
S01276,149,1,1,1,1,1,111
S01277,116,1,2,1,1,1,111
S01278,17,2,3,3,2,1,321
S01279,11,9,15,4,4,4,444
S01280,2,31,52,5,5,5,555
S01281,11,18,31,4,5,5,455
S01282,1,7,14,5,4,4,544
S01283,8,38,69,4,5,5,455
S01284,17,5,7,3,3,3,333
S01285,43,10,13,2,4,4,244
S01286,36,9,15,2,4,4,244
S01287,126,2,3,1,2,1,121
S01288,1,29,46,5,5,5,555
S01289,87,3,5,1,2,2,122
S01290,6,3,4,4,2,2,422
S01291,62,3,5,2,2,2,222
S01292,107,1,1,1,1,1,111
S01293,17,31,49,3,5,5,355
S01294,7,35,63,4,5,5,455
S01295,43,5,7,2,3,3,233
S01296,9,6,12,4,3,4,434
S01297,159,2,4,1,2,2,122
S01298,4,48,81,5,5,5,555
S01299,2,17,27,5,5,5,555
S01300,92,4,7,1,3,3,133
S01301,72,5,6,1,3,3,133
S01302,26,5,7,3,3,3,333
S01303,14,1,3,3,1,1,311
S01304,36,2,4,2,2,2,222
S01305,85,1,2,1,1,1,111
S01306,1,35,59,5,5,5,555
S01307,65,4,8,1,3,3,133
S01308,18,9,17,3,4,4,344
S01309,60,4,8,2,3,3,233
S01310,29,7,11,3,4,4,344
S01311,4,3,4,5,2,2,522
S01312,3,8,11,5,4,4,544
S01313,22,22,36,3,5,5,355
S01314,155,1,1,1,1,1,111
S01315,2,16,26,5,5,5,555
S01316,168,1,2,1,1,1,111
S01317,55,4,5,2,3,2,232
S01318,4,3,4,5,2,2,522
S01319,53,2,5,2,2,2,222
S01320,2,23,37,5,5,5,555
S01321,18,6,11,3,3,4,334
S01322,4,33,56,5,5,5,555
S01323,15,7,10,3,4,3,343
S01324,4,8,13,5,4,4,544
S01325,5,3,6,4,2,3,423
S01326,18,4,7,3,3,3,333
S01327,4,2,4,5,2,2,522
S01328,1,8,10,5,4,3,543
S01329,0,8,12,5,4,4,544
S01330,23,2,3,3,2,1,321
S01331,104,3,4,1,2,2,122
S01332,0,18,30,5,5,5,555
S01333,22,3,6,3,2,3,323
S01334,5,9,13,4,4,4,444
S01335,20,5,8,3,3,3,333
S01336,43,5,7,2,3,3,233
S01337,8,11,14,4,4,4,444
S01338,67,2,3,1,2,1,121
S01339,2,27,45,5,5,5,555
S01340,91,2,2,1,2,1,121
S01341,0,14,23,5,4,4,544
S01342,1,2,3,5,2,1,521
S01343,3,23,32,5,5,5,555
S01344,23,3,4,3,2,2,322
S01345,45,5,7,2,3,3,233
S01346,43,4,6,2,3,3,233
S01347,11,4,8,4,3,3,433
S01348,38,8,16,2,4,4,244
S01349,2,28,45,5,5,5,555
S01350,20,6,9,3,3,3,333
S01351,1,17,23,5,5,4,554
S01352,98,3,4,1,2,2,122
S01353,13,12,17,4,4,4,444
S01354,1,14,23,5,4,4,544
S01355,7,4,7,4,3,3,433
S01356,135,2,3,1,2,1,121
S01357,17,7,11,3,4,4,344
S01358,1,3,5,5,2,2,522
S01359,32,6,11,2,3,4,234
S01360,61,2,5,2,2,2,222
S01361,104,1,2,1,1,1,111
S01362,72,2,3,1,2,1,121
S01363,97,4,7,1,3,3,133
S01364,66,2,3,1,2,1,121
S01365,16,12,20,3,4,4,344
S01366,75,4,5,1,3,2,132
S01367,98,4,7,1,3,3,133
S01368,2,7,12,5,4,4,544
S01369,82,4,6,1,3,3,133
S01370,19,9,17,3,4,4,344
S01371,18,4,7,3,3,3,333
S01372,39,4,9,2,3,3,233
S01373,25,17,27,3,5,5,355
S01374,2,17,29,5,5,5,555
S01375,9,4,6,4,3,3,433
S01376,2,16,27,5,5,5,555
S01377,18,3,5,3,2,2,322
S01378,151,2,4,1,2,2,122
S01379,128,1,1,1,1,1,111
S01380,1,22,31,5,5,5,555
S01381,4,17,35,4,5,5,455
S01382,61,2,2,2,2,1,221
S01383,2,17,30,5,5,5,555
S01384,5,6,10,4,3,3,433
S01385,5,2,3,4,2,1,421
S01386,11,10,14,4,4,4,444
S01387,57,4,9,2,3,3,233
S01388,56,1,1,2,1,1,211
S01389,44,4,7,2,3,3,233
S01390,54,4,9,2,3,3,233
S01391,7,8,12,4,4,4,444
S01392,15,3,5,3,2,2,322
S01393,6,35,59,4,5,5,455
S01394,13,11,19,4,4,4,444
S01395,12,2,4,4,2,2,422
S01396,9,26,45,4,5,5,455
S01397,98,1,3,1,1,1,111
S01398,21,14,21,3,4,4,344
S01399,9,4,4,4,3,2,432
S01400,47,6,8,2,3,3,233
S01401,1,14,22,5,4,4,544
S01402,31,7,13,2,4,4,244
S01403,28,3,4,3,2,2,322
S01404,58,7,10,2,4,3,243
S01405,44,13,20,2,4,4,244
S01406,18,2,4,3,2,2,322
S01407,11,7,13,4,4,4,444
S01408,23,17,27,3,5,5,355
S01409,95,2,3,1,2,1,121
S01410,46,5,7,2,3,3,233
S01411,98,2,4,1,2,2,122
S01412,42,11,18,2,4,4,244
S01413,14,19,33,3,5,5,355
S01414,56,2,3,2,2,1,221
S01415,8,4,9,4,3,3,433
S01416,4,38,68,4,5,5,455
S01417,112,3,4,1,2,2,122
S01418,13,8,11,4,4,4,444
S01419,56,4,5,2,3,2,232
S01420,89,3,3,1,2,1,121
S01421,0,16,28,5,5,5,555
S01422,5,6,9,4,3,3,433
S01423,15,6,11,3,3,4,334
S01424,23,6,6,3,3,3,333
S01425,28,6,12,3,3,4,334
S01426,50,4,6,2,3,3,233
S01427,4,17,27,4,5,5,455
S01428,5,29,48,4,5,5,455
S01429,116,1,2,1,1,1,111
S01430,63,3,3,1,2,1,121
S01431,0,20,33,5,5,5,555
S01432,106,1,2,1,1,1,111
S01433,122,2,4,1,2,2,122
S01434,16,1,1,3,1,1,311
S01435,22,5,6,3,3,3,333
S01436,1,18,33,5,5,5,555
S01437,58,4,6,2,3,3,233
S01438,56,5,8,2,3,3,233
S01439,43,1,1,2,1,1,211
S01440,23,5,8,3,3,3,333
S01441,19,13,22,3,4,4,344
S01442,9,6,8,4,4,3,443
S01443,0,12,21,5,4,4,544
S01444,45,2,4,2,2,2,222
S01445,0,27,41,5,5,5,555
S01446,63,2,4,1,2,2,122
S01447,44,12,16,2,4,4,244
S01448,9,14,23,4,4,4,444
S01449,20,4,8,3,3,3,333
S01450,30,9,12,2,4,4,244
S01451,9,44,81,4,5,5,455
S01452,7,1,1,4,1,1,411
S01453,8,3,4,4,2,2,422
S01454,60,7,8,2,4,3,243
S01455,6,1,2,4,1,1,411
S01456,83,2,4,1,2,2,122
S01457,33,3,5,2,2,2,222
S01458,28,20,30,3,5,5,355
S01459,54,3,5,2,2,2,222
S01460,72,5,7,1,3,3,133
S01461,7,2,2,4,2,1,421
S01462,29,2,4,2,2,2,222
S01463,55,2,2,2,2,1,221
S01464,0,37,63,5,5,5,555
S01465,16,19,35,3,5,5,355
S01466,2,27,45,5,5,5,555
S01467,28,12,18,3,4,4,344
S01468,39,2,3,2,2,1,221
S01469,16,9,16,3,4,4,344
S01470,119,3,6,1,2,3,123
S01471,21,3,5,3,2,2,322
S01472,49,3,5,2,2,2,222
S01473,5,5,9,4,3,3,433
S01474,100,3,4,1,2,2,122
S01475,42,3,5,2,2,2,222
S01476,84,4,7,1,3,3,133
S01477,33,5,10,2,3,3,233
S01478,9,13,20,4,4,4,444
S01479,127,3,6,1,2,3,123
S01480,86,3,3,1,2,1,121
S01481,7,32,50,4,5,5,455
S01482,74,2,2,1,2,1,121
S01483,4,15,25,4,5,5,455
S01484,7,4,5,4,3,2,432
S01485,54,3,5,2,2,2,222
S01486,47,3,6,2,2,3,223
S01487,98,3,7,1,2,3,123
S01488,31,2,2,2,2,1,221
S01489,53,7,12,2,4,4,244
S01490,3,8,14,5,4,4,544
S01491,36,2,3,2,2,1,221
S01492,54,9,16,2,4,4,244
S01493,51,3,4,2,2,2,222
S01494,36,3,5,2,2,2,222
S01495,151,3,3,1,2,2,122
S01496,171,1,2,1,1,1,111
S01497,6,3,7,4,2,3,423
S01498,10,17,30,4,5,5,455
S01499,16,7,8,3,4,3,343
S01500,63,1,2,1,1,1,111
